insert into client_base_info_0 values('PubPayment', 'sub_system', 'client_desc', '1', 'login_no', now(), 'note');
insert into client_base_info_0 values('SubPayment', 'sub_system', 'client_desc', '1', 'login_no', now(), 'note');
insert into src_topic_info_0 values('TpaymentOrder', 'src_topic_desc', '1', 'login_no', now(), 'note');
insert into dest_topic_info_0 values('TpaymentOrder', 'dest_topic_desc', '1', 'login_no', now(), 'note');
insert into topic_mapping_rel_0 values('TpaymentOrder', '_all', '_default', 'TpaymentOrder', '1', 'login_no', now(), 'note');
insert into ble_dest_topic_rel_0 values('TpaymentOrder', '50000001', '1', 'login_no', now(), 'note');
insert into topic_publish_rel_0 values('PubPayment', 'TpaymentOrder', '_null', '1', 'login_no', now(), 'note');
insert into topic_subscribe_rel_0 values('SubPayment', 'TpaymentOrder', '_null', 20, 60, 600, '1', 'login_no', now(), 'note', 0, 30000, 1000);
insert into client_base_info_0 values('PubPayment', 'sub_system', 'client_desc', '1', 'login_no', now(), 'note');
insert into client_base_info_0 values('SubPayment', 'sub_system', 'client_desc', '1', 'login_no', now(), 'note');
insert into src_topic_info_0 values('TpaymentOrderItem', 'src_topic_desc', '1', 'login_no', now(), 'note');
insert into dest_topic_info_0 values('TpaymentOrderItem', 'dest_topic_desc', '1', 'login_no', now(), 'note');
insert into topic_mapping_rel_0 values('TpaymentOrderItem', '_all', '_default', 'TpaymentOrderItem', '1', 'login_no', now(), 'note');
insert into ble_dest_topic_rel_0 values('TpaymentOrderItem', '50000001', '1', 'login_no', now(), 'note');
insert into topic_publish_rel_0 values('PubPayment', 'TpaymentOrderItem', '_null', '1', 'login_no', now(), 'note');
insert into topic_subscribe_rel_0 values('SubPayment', 'TpaymentOrderItem', '_null', 20, 60, 600, '1', 'login_no', now(), 'note', 0, 30000, 1000);
insert into client_base_info_0 values('PubPayment', 'sub_system', 'client_desc', '1', 'login_no', now(), 'note');
insert into client_base_info_0 values('SubPayment', 'sub_system', 'client_desc', '1', 'login_no', now(), 'note');
insert into src_topic_info_0 values('TpaymentPayUser', 'src_topic_desc', '1', 'login_no', now(), 'note');
insert into dest_topic_info_0 values('TpaymentPayUser', 'dest_topic_desc', '1', 'login_no', now(), 'note');
insert into topic_mapping_rel_0 values('TpaymentPayUser', '_all', '_default', 'TpaymentPayUser', '1', 'login_no', now(), 'note');
insert into ble_dest_topic_rel_0 values('TpaymentPayUser', '50000001', '1', 'login_no', now(), 'note');
insert into topic_publish_rel_0 values('PubPayment', 'TpaymentPayUser', '_null', '1', 'login_no', now(), 'note');
insert into topic_subscribe_rel_0 values('SubPayment', 'TpaymentPayUser', '_null', 20, 60, 600, '1', 'login_no', now(), 'note', 0, 30000, 1000);
insert into client_base_info_0 values('PubPayment', 'sub_system', 'client_desc', '1', 'login_no', now(), 'note');
insert into client_base_info_0 values('SubPayment', 'sub_system', 'client_desc', '1', 'login_no', now(), 'note');
insert into src_topic_info_0 values('TpaymentRefund', 'src_topic_desc', '1', 'login_no', now(), 'note');
insert into dest_topic_info_0 values('TpaymentRefund', 'dest_topic_desc', '1', 'login_no', now(), 'note');
insert into topic_mapping_rel_0 values('TpaymentRefund', '_all', '_default', 'TpaymentRefund', '1', 'login_no', now(), 'note');
insert into ble_dest_topic_rel_0 values('TpaymentRefund', '50000001', '1', 'login_no', now(), 'note');
insert into topic_publish_rel_0 values('PubPayment', 'TpaymentRefund', '_null', '1', 'login_no', now(), 'note');
insert into topic_subscribe_rel_0 values('SubPayment', 'TpaymentRefund', '_null', 20, 60, 600, '1', 'login_no', now(), 'note', 0, 30000, 1000);
insert into client_base_info_0 values('PubPayment', 'sub_system', 'client_desc', '1', 'login_no', now(), 'note');
insert into client_base_info_0 values('SubPayment', 'sub_system', 'client_desc', '1', 'login_no', now(), 'note');
insert into src_topic_info_0 values('TpaymentRefundItem', 'src_topic_desc', '1', 'login_no', now(), 'note');
insert into dest_topic_info_0 values('TpaymentRefundItem', 'dest_topic_desc', '1', 'login_no', now(), 'note');
insert into topic_mapping_rel_0 values('TpaymentRefundItem', '_all', '_default', 'TpaymentRefundItem', '1', 'login_no', now(), 'note');
insert into ble_dest_topic_rel_0 values('TpaymentRefundItem', '50000001', '1', 'login_no', now(), 'note');
insert into topic_publish_rel_0 values('PubPayment', 'TpaymentRefundItem', '_null', '1', 'login_no', now(), 'note');
insert into topic_subscribe_rel_0 values('SubPayment', 'TpaymentRefundItem', '_null', 20, 60, 600, '1', 'login_no', now(), 'note', 0, 30000, 1000);
insert into client_base_info_0 values('PubPayment', 'sub_system', 'client_desc', '1', 'login_no', now(), 'note');
insert into client_base_info_0 values('SubPayment', 'sub_system', 'client_desc', '1', 'login_no', now(), 'note');
insert into src_topic_info_0 values('TpaymentOrderNotify', 'src_topic_desc', '1', 'login_no', now(), 'note');
insert into dest_topic_info_0 values('TpaymentOrderNotify', 'dest_topic_desc', '1', 'login_no', now(), 'note');
insert into topic_mapping_rel_0 values('TpaymentOrderNotify', '_all', '_default', 'TpaymentOrderNotify', '1', 'login_no', now(), 'note');
insert into ble_dest_topic_rel_0 values('TpaymentOrderNotify', '50000001', '1', 'login_no', now(), 'note');
insert into topic_publish_rel_0 values('PubPayment', 'TpaymentOrderNotify', '_null', '1', 'login_no', now(), 'note');
insert into topic_subscribe_rel_0 values('SubPayment', 'TpaymentOrderNotify', '_null', 20, 60, 600, '1', 'login_no', now(), 'note', 0, 30000, 1000);
insert into client_base_info_0 values('PubPayment', 'sub_system', 'client_desc', '1', 'login_no', now(), 'note');
insert into client_base_info_0 values('SubPayment', 'sub_system', 'client_desc', '1', 'login_no', now(), 'note');
insert into src_topic_info_0 values('TpaymentResultNotify', 'src_topic_desc', '1', 'login_no', now(), 'note');
insert into dest_topic_info_0 values('TpaymentResultNotify', 'dest_topic_desc', '1', 'login_no', now(), 'note');
insert into topic_mapping_rel_0 values('TpaymentResultNotify', '_all', '_default', 'TpaymentResultNotify', '1', 'login_no', now(), 'note');
insert into ble_dest_topic_rel_0 values('TpaymentResultNotify', '50000001', '1', 'login_no', now(), 'note');
insert into topic_publish_rel_0 values('PubPayment', 'TpaymentResultNotify', '_null', '1', 'login_no', now(), 'note');
insert into topic_subscribe_rel_0 values('SubPayment', 'TpaymentResultNotify', '_null', 20, 60, 600, '1', 'login_no', now(), 'note', 0, 30000, 1000);
insert into client_base_info_0 values('PubPayment', 'sub_system', 'client_desc', '1', 'login_no', now(), 'note');
insert into client_base_info_0 values('SubPayment', 'sub_system', 'client_desc', '1', 'login_no', now(), 'note');
insert into src_topic_info_0 values('TpaymentResultRedoNotify', 'src_topic_desc', '1', 'login_no', now(), 'note');
insert into dest_topic_info_0 values('TpaymentResultRedoNotify', 'dest_topic_desc', '1', 'login_no', now(), 'note');
insert into topic_mapping_rel_0 values('TpaymentResultRedoNotify', '_all', '_default', 'TpaymentResultRedoNotify', '1', 'login_no', now(), 'note');
insert into ble_dest_topic_rel_0 values('TpaymentResultRedoNotify', '50000001', '1', 'login_no', now(), 'note');
insert into topic_publish_rel_0 values('PubPayment', 'TpaymentResultRedoNotify', '_null', '1', 'login_no', now(), 'note');
insert into topic_subscribe_rel_0 values('SubPayment', 'TpaymentResultRedoNotify', '_null', 20, 60, 600, '1', 'login_no', now(), 'note', 0, 30000, 1000);
